id,SalePrice
1461,0.00022610737679962993
1462,5.1172464541668605e-05
1463,0.00014590144749183648
1464,0.0002932336966806189
1465,0.0006509299195406914
1466,0.0002981281737340197
1467,0.0004074671140647566
1468,0.00039287081127963995
1469,0.000279320858652958
1470,0.0003935438179726606
1471,0.0005598578216340772
1472,0.001111001959213029
1473,0.0010993408864444839
1474,0.0009805823925474247
1475,0.0010116055439206696
1476,0.00016437370228409562
1477,0.00016891050881444005
1478,0.00021251271080848433
1479,0.00013128237715730296
1480,0.00011089492476276166
1481,0.00014057267494640838
1482,0.0004645814078040652
1483,5.922392810934179e-05
1484,0.000857633347940144
1485,0.0001673491701851624
1486,0.0003758033950059863
1487,6.820892851558933e-05
1488,0.00033237153986513483
1489,0.00033395316114960885
1490,0.00025866241879586116
1491,0.00021105336121080668
1492,0.00031600839408320037
1493,0.00010751021486229121
1494,0.0001590664113431904
1495,0.00022431459841277415
1496,0.0006424114658073829
1497,0.0008201646993199169
1498,0.0008811801612551972
1499,0.0009659241973888297
1500,0.00096383682247873
1501,0.0008889705739006463
1502,0.0009941838002140318
1503,0.00016760114123478892
1504,0.00044677803395021915
1505,0.0003933242560097446
1506,0.00025452007839816464
1507,0.00023785356126878514
1508,5.343490683810999e-05
1509,0.0003178620276541241
1510,0.0003122117440780281
1511,0.0002953418018758476
1512,0.00029776736274338833
1513,0.0002674721967700635
1514,0.0001855586010062058
1515,0.0002863935169345401
1516,7.520644383492739e-05
1517,0.00022937453169660858
1518,0.00038036101494204566
1519,0.00037766289602713743
1520,0.00040948163845901917
1521,0.00025788521032018766
1522,0.00028348694719608237
1523,0.0003988259158316614
1524,0.00025570113976404614
1525,0.0002573073886936262
1526,0.0001580553729578492
1527,0.00043269168475277203
1528,0.0004180539521487379
1529,0.00043736180189758446
1530,0.00029843758533358003
1531,0.0006871728148169114
1532,0.0008891986734103711
1533,0.0005774692511515628
1534,0.0005095271974649091
1535,0.00021120936980531407
1536,0.00040295779601624745
1537,0.00032606869119055926
1538,0.0003209795364843496
1539,0.00034537837817053896
1540,0.0004162165772788093
1541,0.00027062892286187836
1542,0.0005788428679944553
1543,0.0004175966057693263
1544,0.0006969365386210276
1545,0.0005936102723900637
1546,0.0005840851686271654
1547,0.0005459082592177668
1548,0.0005813358648065405
1549,0.0005694480785356878
1550,0.0005512718752626562
1551,0.0005627879687319083
1552,0.00040677200049131496
1553,0.00021591823652708741
1554,0.000912763474588298
1555,0.00010818711402748982
1556,0.0002766542575144315
1557,0.00035816086878549396
1558,0.0005987371923420423
1559,0.0006496133199154005
1560,0.0005652539378248661
1561,0.0002942570366765936
1562,0.0004397080022647852
1563,0.0004355208283849041
1564,0.00043655556472335877
1565,0.00024249696744011058
1566,4.119884340259714e-05
1567,0.0003527423296407067
1568,7.585132967941908e-05
1569,5.801120044112617e-05
1570,0.00023302845718130944
1571,0.00033371640946694696
1572,0.00031761404274621843
1573,6.890745783875834e-05
1574,0.00023827230416358794
1575,0.00019779382205548259
1576,0.00018717625759869706
1577,0.0004534211254865263
1578,0.00014053776671143041
1579,0.00024454554197566745
1580,0.0003286399977252409
1581,0.00011512197062521544
1582,0.0004607872166012095
1583,0.00024441972260490306
1584,0.00031918375674384994
1585,0.0007336203048016427
1586,0.0003930578346454029
1587,0.00037611901379756846
1588,0.0002890627630016877
1589,0.00022270294491198172
1590,0.0005464889002530711
1591,0.0006674959502970874
1592,0.00067594367079154
1593,0.00043674768511271046
1594,0.0005720787950620863
1595,0.00037200173413568367
1596,0.00026162803299780015
1597,0.00010278601612268372
1598,4.727423717774756e-05
1599,0.0007777989989145439
1600,0.0007729350506658764
1601,0.0004305171002299119
1602,0.00035295350731368144
1603,0.000384100667106132
1604,0.0007341507925568843
1605,0.00023762857719279902
1606,0.000309349510717826
1607,0.00016593592846483768
1608,0.00020671160130020404
1609,0.00030341363528517027
1610,0.00031397193107088285
1611,0.00011249179220059602
1612,0.00028120102970104454
1613,0.00020777372142281473
1614,0.0009748965846898359
1615,0.0013767199203083688
1616,0.0013067797156532722
1617,0.0010729793611856128
1618,0.0005030086974562691
1619,0.0001814650434297051
1620,0.0004115290894985574
1621,0.0002776136495567303
1622,0.00027093689328504467
1623,0.00027719586427307926
1624,0.0001673381235789578
1625,0.00017667690431565493
1626,0.0002746024394590252
1627,0.00028177101824608276
1628,0.00020496383362785702
1629,0.00039113884868826476
1630,0.0003920538444704202
1631,0.00044126400563902085
1632,0.0003867301572635602
1633,0.00036444930367068255
1634,0.00044435167939530694
1635,0.0003652120145605164
1636,0.00046658273887663777
1637,0.00020631524941073614
1638,0.00016210810592301873
1639,0.00024020303188833814
1640,0.00018033961057665188
1641,0.0002331729722950083
1642,0.00047370404575499433
1643,0.0004391077103598157
1644,0.00037634304245344024
1645,0.00030838735844324836
1646,0.00028611330172277215
1647,0.00024372947347614616
1648,0.000426499423673544
1649,0.0003842060339734707
1650,0.0004907777917083393
1651,0.00035873517274399543
1652,0.0011102765250240213
1653,0.001113090606487889
1654,0.0009797380687986369
1655,0.0009843755907951001
1656,0.0009733382470037156
1657,0.0009718497730597952
1658,0.0009721211857998015
1659,0.0010271410190097168
1660,0.0002601925206291208
1661,0.00011984892796382485
1662,0.0001770100267022202
1663,0.00017296629600365842
1664,0.00012356833307520997
1665,0.00020938889910629283
1666,7.496283316208861e-05
1667,1.983522148213955e-05
1668,0.00025408765719251103
1669,0.00023917942605516384
1670,0.00014351587422196016
1671,0.0001625577378586965
1672,9.441297533509069e-05
1673,0.00015743172354880958
1674,0.00029628812602209567
1675,0.0004764753488864367
1676,0.0006287273337391875
1677,0.00027028387715653004
1678,0.00010144545052297479
1679,9.863065004548002e-05
1680,0.00041580727429900617
1681,0.0005098958004619375
1682,7.794981120288173e-05
1683,0.000803172908958137
1684,0.0002557975325817693
1685,0.00036072010586494824
1686,0.0008548268259397225
1687,0.00033530146550012627
1688,0.00041514102163751454
1689,0.00029034486637666816
1690,0.0003531144201543707
1691,0.000408253556802969
1692,0.00017179207658851985
1693,0.0003173656554621317
1694,0.000385366087832383
1695,0.0004431425685995015
1696,9.377898415533623e-05
1697,0.00043603715889696716
1698,0.00016413320481884904
1699,0.00023465508884218218
1700,0.00032992173221998885
1701,0.00020782862829799234
1702,0.00022454894917848167
1703,0.0002696015790327141
1704,0.00026516003558990197
1705,0.00033036824986139415
1706,0.00020166477148391557
1707,0.0004016100752107851
1708,0.00036124213623931563
1709,0.00017737811660202923
1710,0.0004336762415294573
1711,0.00025918166464638343
1712,0.00037661007202903577
1713,0.0002445275488960033
1714,0.00034680906461292027
1715,0.00040282932403262647
1716,0.0003134119350041594
1717,0.0004481343757955812
1718,0.0005501152496427521
1719,0.00026373158076633114
1720,0.00027371286793312745
1721,0.0001711748401123806
1722,0.00020850995132250288
1723,0.00018901025914439722
1724,0.0004437886127337634
1725,0.0002204440782538858
1726,0.0004345740992737673
1727,0.00046448331061411024
1728,0.0003482264332668847
1729,0.0002867774581771384
1730,0.00040339093110712597
1731,0.0003159169477787028
1732,0.000386957036750641
1733,0.00035271776032900484
1734,0.00033681622901135923
1735,0.0004378127863102352
1736,0.0004906919612625061
1737,9.242034179671014e-05
1738,0.00020502989975348785
1739,0.000820702504169356
1740,0.000736896581526069
1741,0.0007234767341461842
1742,0.0008880344909275265
1743,0.000800181029600814
1744,0.0001166856849016889
1745,0.00010418628143591657
1746,0.0003064328209464121
1747,0.00017526899178481575
1748,0.0002628765892655677
1749,0.00030922704284058056
1750,0.00034569109745841733
1751,0.0001434744047545422
1752,0.0004891686740884663
1753,0.00030583053761903354
1754,0.000303899158408586
1755,8.654723696684721e-05
1756,0.0004620854377827651
1757,0.00041843470302312715
1758,0.00031675796559462593
1759,0.0001518387788111167
1760,0.0003243955753261841
1761,0.00026426101788989276
1762,0.0003473121761438585
1763,0.0002215368526276036
1764,0.0003163639945083148
1765,0.00028084971833464915
1766,0.00025546570633961524
1767,0.00011845273110911624
1768,0.00036363410361668635
1769,0.00019381905669992944
1770,0.00034109065406799226
1771,0.00036551230433752954
1772,0.0003602902592015065
1773,0.0002772335508205452
1774,0.0003020799524340617
1775,0.0004103870403475312
1776,0.00017435767349097296
1777,0.00039653332946667884
1778,0.0004435979889376373
1779,0.0003311039353776642
1780,0.00023227106629585069
1781,0.00031752370736070566
1782,0.000644403975318764
1783,0.0002635512017209844
1784,0.00042588576561590773
1785,0.0002894226698064058
1786,0.00026353010035329847
1787,0.0004736463926511101
1788,0.000807786367554407
1789,0.00026684104657182043
1790,0.00027134588152229205
1791,0.0002937818200491291
1792,0.0002827480383582294
1793,0.00022741044220897052
1794,0.00041678941397346557
1795,0.00027503530332894196
1796,0.00036428996167844636
1797,0.0004131498579376082
1798,0.0004700006177458244
1799,0.0004916533013531435
1800,0.00042257525932656035
1801,0.00026201963958672516
1802,0.00040884152021556714
1803,0.00044321954049873834
1804,0.0003767241005171664
1805,0.00042157420877522923
1806,0.0007784632419120883
1807,0.0002772804712291692
1808,0.00010852196095926548
1809,0.0003748874748274032
1810,0.0005420397545971624
1811,0.0005403515411470586
1812,0.0003575218692784221
1813,0.0005827717438431501
1814,0.00047639126605647476
1815,0.000622590632936306
1816,0.00039959301925769625
1817,0.00032114823358667615
1818,0.0003851601561226762
1819,0.0008471437736118838
1820,0.0010804034745414857
1821,0.0006338400580010572
1822,0.0003151757286321839
1823,0.0004197826907129782
1824,0.0005181771778929019
1825,0.0006823274914531886
1826,0.0005933656556236236
1827,0.0005758458471453659
1828,0.0005624903143525688
1829,0.00037118410018647944
1830,0.0004053215224403448
1831,0.0002992735007002388
1832,0.0010620829573246896
1833,0.0004929206115420922
1834,0.0006115485064231228
1835,0.0007043301674829414
1836,0.0006415785628904656
1837,0.0008052878331055677
1838,0.00028778431180430337
1839,0.0007813749007447468
1840,0.00030575312195374655
1841,0.0002663542599663304
1842,0.00032231331215797396
1843,0.00022223078708893888
1844,0.00042297459435995443
1845,0.00011141740190309115
1846,0.00011181811520401171
1847,0.00010231272056824588
1848,0.00045418009191312093
1849,0.0001073967102961419
1850,0.00032282069937391965
1851,0.0003345943343164672
1852,0.0004601578133857651
1853,0.0007483589962803841
1854,0.00025908857233825533
1855,5.1178877166103164e-05
1856,0.0002607194695312136
1857,1.0844316948083191e-05
1858,0.0004833759605033134
1859,0.0004922980533107277
1860,0.00047242984996755306
1861,0.0004938641486142808
1862,0.00019605112531440234
1863,0.00038457134831755725
1864,0.00038224518980573067
1865,0.00023139236866801164
1866,0.00023540027691322185
1867,0.0003259141324178212
1868,0.00020952216092969174
1869,0.0004886038596532961
1870,0.00027024336313842046
1871,0.00021227241309112262
1872,0.00022554015044772596
1873,8.255226086694296e-05
1874,0.0003096576574021452
1875,0.00011917600330545393
1876,0.00035902591051736546
1877,0.0002466906484670766
1878,0.0002325856427392383
1879,9.455651181703589e-05
1880,0.000498116312772998
1881,0.00020319733219672115
1882,0.000189006686884208
1883,0.00036482824603196844
1884,0.00023398969001909954
1885,9.7335277330045e-05
1886,0.0001644182451860509
1887,0.00034937961689687725
1888,0.0002640834622175065
1889,0.00025137987339453544
1890,0.0002631694189409439
1891,0.0008143247485081585
1892,0.0005512147043838527
1893,0.00021238168532361086
1894,0.00029423952821584976
1895,0.00021133909375437113
1896,0.00040848519551173434
1897,0.000552956181917492
1898,0.0006236867478759191
1899,0.0003829169705859122
1900,0.0004975410414679179
1901,0.00015248955350014026
1902,0.0001244269074444065
1903,0.0003900951255064322
1904,0.00034888775114105347
1905,0.0001575936387970924
1906,0.00010601848904123455
1907,6.854688532907594e-05
1908,0.0010972450826512404
1909,0.0011156421792545173
1910,0.0011049433479217979
1911,0.00015050964230119843
1912,6.423073371640095e-05
1913,0.00036503293477145745
1914,0.0003060234113119342
1915,0.000729828732215123
1916,3.144359099151979e-05
1917,0.00027858129359021575
1918,0.0003131846990654869
1919,0.0003247291322453971
1920,0.00023438960492994936
1921,0.0001397729733410295
1922,0.00012205249921587802
1923,0.0002888343354653971
1924,0.0001259507060972541
1925,0.00033417592353962117
1926,0.00016358977284941392
1927,0.00019124003070788236
1928,0.00015762221424785465
1929,0.0004471830467119376
1930,0.0004449903764910668
1931,0.00044173124864041517
1932,0.0002808425935791399
1933,0.0002710825274210906
1934,0.0003641220659243097
1935,0.0004093737952615127
1936,0.00031529343966315687
1937,0.00011797527070726113
1938,0.00013684784168423866
1939,0.0005125701179452827
1940,0.00064686944435036
1941,0.0002400771660852136
1942,0.0001410046460600195
1943,0.0005611475623856311
1944,0.00014826524096205328
1945,9.974086002382758e-05
1946,3.515570666652866e-06
1947,0.0003760007094006402
1948,5.026458938681424e-08
1949,0.00017176130615353531
1950,0.00025028495113063734
1951,5.318487542772487e-05
1952,0.00012262618357850545
1953,0.00016787954411464856
1954,0.00027036797598562135
1955,0.00031586860729977895
1956,0.00016927193376016413
1957,0.0002693851913016054
1958,0.0001259088896820915
1959,0.00034967202718391927
1960,0.00028829703311381694
1961,0.00045743193309765866
1962,0.001107566099214753
1963,0.0010733349871007007
1964,0.0010888520586005074
1965,0.0009809398245493287
1966,0.0009504882062410077
1967,0.00017039536575864925
1968,0.0001283840017537428
1969,0.00011909287697072499
1970,0.00013943366963257428
1971,0.00016587687245385387
1972,0.0001838192302237677
1973,0.0003471527455916225
1974,0.0002507159408609968
1975,0.00015070558017835114
1976,0.00023795543691588865
1977,7.416752873256923e-05
1978,8.139985624992551e-05
1979,0.0002654056174994109
1980,0.00019266520298773205
1981,0.0003604844437599536
1982,0.0005292408867805536
1983,0.0005354813537089366
1984,0.0009596202943139776
1985,0.0007360668726355026
1986,0.0007302665474596354
1987,0.0007935098409665467
1988,0.000352927814085585
1989,0.00041352111592818434
1990,0.00038359107594071587
1991,0.00044690153145207536
1992,0.0003889894477458757
1993,0.0004397257607016051
1994,0.0001821265135888866
1995,0.0003890301131140924
1996,0.00030005716821087123
1997,0.00023252383688864272
1998,0.00019417104709062394
1999,0.00023777053638656626
2000,0.00019789577083741198
2001,0.00028237781911572696
2002,0.00015503519539858943
2003,0.000291864140644854
2004,0.0003143560720571701
2005,0.00028189572457062165
2006,0.00036267203018535674
2007,0.0002507306274447981
2008,0.0004386622912999
2009,0.0002894986885170498
2010,0.00018073907622672425
2011,0.00020708818296643025
2012,0.00033487824523736594
2013,0.00038528721608593674
2014,0.0003782711194447649
2015,0.00012704064389335354
2016,0.00038096848502895854
2017,0.00039220729923492215
2018,0.0003525710662753176
2019,0.00041563355039630774
2020,0.0003915627566595291
2021,0.0005538289638307082
2022,4.695725230368534e-05
2023,0.00025771178339743843
2024,0.0003165007483131886
2025,0.00021957304868575666
2026,0.0008217658802256362
2027,0.0008844033977972093
2028,0.0008767047398961037
2029,0.000979309837792105
2030,0.0006425194824145805
2031,0.0006856904865694683
2032,0.0006941081391716819
2033,0.0007121188628959646
2034,0.0010032970194356079
2035,0.00025930789687625665
2036,0.0009157885939270775
2037,0.0009124938733295026
2038,0.0007304453623515869
2039,0.0002415224360099653
2040,1.5184587596711208e-05
2041,8.74946357719454e-05
2042,0.00044393047322589785
2043,0.00023530262631532486
2044,0.00023244703442648542
2045,0.00010498501677961864
2046,0.0002963679028488178
2047,0.0003648596238955764
2048,0.000413166131178893
2049,0.00023224068307937736
2050,0.0001615567428856861
2051,0.00045251283210068276
2052,0.0003041864424469044
2053,0.0002351410896929121
2054,0.0007212903140322598
2055,0.00030706430216130933
2056,0.0003218738322876528
2057,0.0004490216954520852
2058,0.00012266195497312687
2059,0.00035868112993552037
2060,0.00029353678850804684
2061,0.0001595019418966337
2062,0.0002750081794403995
2063,0.0002342716532075385
2064,0.00032743800426640444
2065,0.00018344118065351651
2066,0.00013210777312680781
2067,0.00036193644983802657
2068,0.00018135878831824728
2069,0.00030755238132195047
2070,0.00046663896778395986
2071,0.0006559739496595009
2072,0.0002507720364117211
2073,0.00028809612603352883
2074,0.00020649915271438724
2075,0.00017563824201803223
2076,0.0004823738460101524
2077,0.00041123736638666965
2078,0.00041992003024868475
2079,0.0004150270951506483
2080,0.0005515505579528796
2081,0.00047916070718038387
2082,0.0004405462956175798
2083,0.00047238847398174254
2084,0.0004910835094107518
2085,0.00044881008392051285
2086,0.00031340398276420695
2087,0.00034701443701414973
2088,0.0007080416737060928
2089,0.0007235087745531124
2090,0.0005867776946891135
2091,0.0002823612848255591
2092,0.0004408126112861803
2093,0.00046534075080816554
2094,0.0007776561204415256
2095,0.0002568852200001133
2096,0.0005336100523670759
2097,0.0007299298693199459
2098,0.00034905417665656135
2099,0.000501658261628474
2100,0.00024218573364241552
2101,0.00034689390134601684
2102,0.000648994013376977
2103,0.0003606327524838746
2104,0.0003057533509679877
2105,0.0007075466073671941
2106,0.00024381065934399608
2107,0.00024550503845892097
2108,0.0003159022911323574
2109,0.0003884640668646539
2110,0.00048092857297463853
2111,0.0004586547825918663
2112,0.000483629004554976
2113,0.0006805673845975079
2114,0.0006056138273926977
2115,0.0005679428018330674
2116,0.0005872914248050922
2117,0.0005705461000829526
2118,0.0005842664835499308
2119,0.000683974735062599
2120,0.0006415679678458288
2121,0.0006119183543254095
2122,0.0005690180110939149
2123,0.0006002266775730346
2124,0.0005375209123259974
2125,0.0005453391638941203
2126,0.00033946324540613283
2127,0.0004783224785091402
2128,0.0007479186291375117
2129,0.0005706413866027295
2130,0.00028684475286374397
2131,0.000484197534742846
2132,0.0002860027351260716
2133,0.0004794224097220088
2134,0.0004989977748201413
2135,0.0002930748606153377
2136,0.00034915406588721193
2137,0.00033006491941096574
2138,0.00023826482501307687
2139,0.00017308925754211637
2140,0.00028480937545716364
2141,0.0004446485236076785
2142,0.00030067211986565135
2143,0.0004589101502245007
2144,0.00017387798884312518
2145,0.00034221269326696613
2146,0.00013799919090125423
2147,0.00025707627937879334
2148,0.0003957158078401386
2149,0.0002875777725909136
2150,4.0034685951987536e-05
2151,0.0006768457642088338
2152,5.473316151368009e-05
2153,0.00030607199101889774
2154,0.0004079633111634695
2155,0.0003404892338081016
2156,0.0002857202531732505
2157,0.0002786937406235792
2158,0.00013518761103671465
2159,0.0002638460503485633
2160,0.0002720525909430006
2161,0.0003123810329402519
2162,0.00018131456622981295
2163,0.0001973549305394445
2164,0.00021760470190507588
2165,0.00022033125923969575
2166,0.0003094838535548007
2167,0.0003507609950279828
2168,0.00016555741309588035
2169,0.00034919609688104775
2170,0.00018807320377526438
2171,0.00019744045214251172
2172,0.0003392351079807765
2173,0.0001330931144808103
2174,0.0002634745444451358
2175,0.0002898347319454502
2176,0.00011111945096564064
2177,0.00024185115265391922
2178,0.0002184368643333125
2179,0.0007345458497242623
2180,0.0002613668167282975
2181,0.00029975091945818157
2182,0.00023395139803539117
2183,0.0003076963125864773
2184,0.0003063460341882208
2185,0.0002083036121688347
2186,0.000520243730880923
2187,0.00031525017306016206
2188,0.0004808729442900029
2189,5.5861679646315455e-08
2190,0.0007197183137850464
2191,0.0006310114139264584
2192,0.0006149581389549064
2193,0.00025285596746591296
2194,0.000521813408619991
2195,0.00032230725485808063
2196,0.0004484916739890968
2197,0.0006619735455857841
2198,0.0004619715084736653
2199,0.00042397794315385273
2200,0.00036126290548458586
2201,0.00010957108220835125
2202,0.0004500021192109819
2203,0.00031706112365880736
2204,0.00021484650418408986
2205,0.00034338158821012115
2206,0.00043119821901609854
2207,0.0003118584561714949
2208,0.00018723109612798282
2209,1.099934020675802e-05
2210,0.001071361609362557
2211,0.0005034996577364254
2212,0.0005926380047543704
2213,0.0005052453629732785
2214,0.0005728282796037099
2215,0.00047831903663620427
2216,0.0003423990311692684
2217,0.00013686742834984625
2218,0.0006708761810523983
2219,0.000688171897067535
2220,0.0003743967973669241
2221,0.0007291096869647772
2222,0.0007338034071734742
2223,1.8291309467846448e-05
2224,0.00024237399203150506
2225,0.00028821512645000257
2226,0.00027472551484317826
2227,0.0007275870950127229
2228,0.00021108533637806574
2229,0.00017351911654655254
2230,0.0003145822767370826
2231,0.00020733921302693663
2232,0.00017158847404339197
2233,6.088937893253187e-05
2234,0.00022880402831146107
2235,0.0003909227983683686
2236,0.00021167089174847355
2237,0.00020321526622138697
2238,0.0003376091071092665
2239,0.00041137752440325713
2240,0.000702695696002545
2241,0.0001369527483457402
2242,0.0007448690925354147
2243,0.0009414273951886389
2244,0.0010608678079542413
2245,0.0011196348277559033
2246,6.589692706812175e-05
2247,0.0013718804429562119
2248,0.0005433704300149692
2249,0.0005320099336657213
2250,0.00019663393092329455
2251,2.8212853035172593e-09
2252,0.0002497570050568598
2253,0.00036915057936685397
2254,0.0002911516973414638
2255,0.00036507252884043426
2256,0.00042686037128017147
2257,0.0004360623730347837
2258,0.00031913870554760976
2259,0.00043804529239143325
2260,6.356460374184474e-05
2261,0.0006852621079205314
2262,0.000632111416672882
2263,0.0001816223422302153
2264,1.4009253514769505e-08
2265,2.3205470816994172e-07
2266,0.00038679250027829254
2267,0.00012239059865789802
2268,0.00013261183824123408
2269,0.00024681164621913576
2270,0.00020650151195056467
2271,0.0001836444129821174
2272,0.00022786243735885988
2273,0.0002106341483326624
2274,0.0002676560874784311
2275,0.00016780949254164738
2276,0.0003429941342114166
2277,0.00040102535887487817
2278,0.00031798346400889655
2279,0.00043129421173767165
2280,7.947932779791602e-05
2281,0.0007389093437293648
2282,0.00024209539302816603
2283,0.0010283044500232937
2284,0.0010407023966113838
2285,0.0009785725993494887
2286,0.0004805363416821922
2287,0.00017407757113629743
2288,0.00020147734426979874
2289,0.00011819726349336235
2290,0.00013316393494341785
2291,0.0001512453664895327
2292,9.699243157741523e-05
2293,0.00012154743308558086
2294,0.00013835918729103544
2295,6.632938927938409e-05
2296,8.104689138889522e-05
2297,0.00029799051961137014
2298,0.0001438212907274474
2299,0.00015242488356395523
2300,0.00012636839782056977
2301,0.00018226518479495007
2302,0.0002775723770421529
2303,0.0003154905732958001
2304,0.0002496637457993863
2305,0.0007529192912119238
2306,0.0007508875282318172
2307,0.0005255985023038637
2308,0.0006711967779351169
2309,0.0003998236128897443
2310,0.0005365824911406107
2311,0.00081984487622824
2312,0.00010270104854287736
2313,0.0002870792068899686
2314,0.0001703796718912968
2315,0.00036401522451402426
2316,0.0003126892150720505
2317,0.0001918726626963532
2318,0.0004034785402507244
2319,0.00044080368854450237
2320,0.0004300521074453891
2321,0.0007642163369705334
2322,0.0007900991464728448
2323,9.361040181927815e-05
2324,0.000250910873359157
2325,0.00024194236393965585
2326,0.00021550123865901694
2327,0.00041888489760629177
2328,0.00035868961992196926
2329,0.00031901933043996226
2330,0.00031242151851699465
2331,0.00017753028118178398
2332,0.00023871733357061186
2333,0.00022631212924294398
2334,0.00024670799622907534
2335,0.00020837657585184128
2336,0.0003165681039126189
2337,0.00029293348007948224
2338,0.00019990129774376456
2339,0.00025563922654696125
2340,0.00017371556316477275
2341,0.0002863732848099755
2342,0.0003414173312173593
2343,0.00037656947903845603
2344,0.0003094880779502205
2345,0.00034856099337015104
2346,0.00036402531735661877
2347,0.0003431793535481987
2348,0.00036645147748846804
2349,0.0002777858326132163
2350,0.00019260254468303508
2351,0.0002617641802469822
2352,0.00020254507598401237
2353,0.00025095568240089813
2354,0.0005527440690540677
2355,0.0005507924920025687
2356,0.0001897044251169022
2357,0.00043697253394555725
2358,0.00021947758688080278
2359,0.0004276534116170711
2360,0.0005609033298837303
2361,0.0004487668315905277
2362,4.536096132130474e-05
2363,0.00026011148952596554
2364,0.00018120776914206142
2365,0.0006991312211880869
2366,0.0008187307451314156
2367,0.0007578100823917872
2368,0.0007840117066097591
2369,0.0006033298748960936
2370,0.000980391450367265
2371,0.0010010397456358376
2372,0.0004510259605646975
2373,0.00039552143737291753
2374,0.00035800894212602004
2375,0.0003117143197487054
2376,0.0001801982445264305
2377,5.871399367412974e-05
2378,0.00022251856002780855
2379,0.0003889151119325849
2380,0.0003666474082125201
2381,0.00021372964542092565
2382,0.00022581698714501156
2383,0.0003060130491475846
2384,0.00025803248358680704
2385,0.00025903899657577726
2386,0.00025939526921890606
2387,0.0004145875860648375
2388,0.00026132220584753783
2389,0.0004592277933534893
2390,0.00013550103126809944
2391,0.0003990220082089919
2392,0.00038285398986769335
2393,0.0003596022961538233
2394,0.00034182588023566395
2395,0.00035522805014358955
2396,0.00023119269324078882
2397,2.7000239491334606e-05
2398,0.00020669782618358727
2399,0.0008456852960120924
2400,0.0010624546588334934
2401,0.0006712553370863723
2402,0.0003191832665031697
2403,0.0003553004210214893
2404,0.00029267064731889665
2405,0.00031236110495362434
2406,0.00037065465771191324
2407,0.0005022113118860219
2408,0.00039826259783693233
2409,0.0003484536598018874
2410,0.0002950006817343076
2411,0.00031517497730928964
2412,0.00019615483320339314
2413,0.00029331697327376264
2414,0.00022730770547237903
2415,0.00039471012702801186
2416,0.0002559991902361305
2417,0.00042738827853962204
2418,0.0003904338134808623
2419,0.00047138639200353273
2420,0.0003944779269692577
2421,0.0003112048317064836
2422,0.00010470090246283597
2423,0.00016811268039132162
2424,0.00020064964385246416
2425,3.120372493462635e-05
2426,0.00027889172620411444
2427,0.000317895069810142
2428,0.0002917748495349999
2429,0.00038094499332812546
2430,0.00039896310219893585
2431,0.00047467842299580795
2432,0.0004542064382123031
2433,0.00046190844559771543
2434,0.00041630321241674617
2435,0.0004015150335829426
2436,0.0005158240541761751
2437,0.0005375504387999204
2438,0.0005156966118002836
2439,0.0005001651746034179
2440,0.000576724589259701
2441,0.0007294910165487371
2442,0.0008956185700410376
2443,0.00048391061564424326
2444,0.00036010017273981906
2445,0.0006028107359125896
2446,0.00031292064048460736
2447,0.0002778122478614637
2448,0.00030710490859021917
2449,0.0007345408998484897
2450,0.000386208152634689
2451,0.0008308654041543004
2452,0.00015267092516919073
2453,0.00039453350100869257
2454,0.0002210529298818277
2455,0.0005117207069579292
2456,0.0003712070336495636
2457,0.0005759274489492206
2458,0.000593883026327589
2459,0.0005814671657663046
2460,0.0005558724294446163
2461,0.0005652468166291269
2462,0.0005566678813399181
2463,0.0005723211386279349
2464,0.0004192897426874417
2465,0.00036716143065287243
2466,0.0003850307688075273
2467,0.000610240551711267
2468,0.0006229832901457063
2469,0.0006147157167917611
2470,0.000159841347179724
2471,0.0003031748185278584
2472,0.00026800516415522384
2473,0.0007411646267438413
2474,0.0002875220356673059
2475,0.00017056325481097152
2476,0.000735821268881331
2477,0.00024048045074863736
2478,0.00022946406648139976
2479,0.00013747710496611794
2480,0.00014197193696945915
2481,0.00022361938718642527
2482,0.00039255653472789186
2483,0.00038299268106043344
2484,0.0003960023872286431
2485,0.00041423779437476613
2486,0.00013733249874033982
2487,7.96410330179647e-05
2488,0.0005046143481616444
2489,0.0002298314483639441
2490,0.00015069776303840474
2491,0.00036909410007966454
2492,0.00023809741775764268
2493,7.25904248698106e-05
2494,2.404031870245906e-05
2495,7.022860541866045e-05
2496,0.000168016667885361
2497,0.0002694074788179759
2498,0.000642369055821944
2499,0.00023931375389625676
2500,0.0007936857851048498
2501,0.0003298575797141374
2502,0.000240649137377935
2503,0.000454931053484765
2504,1.87579453707889e-05
2505,0.0003253272557998686
2506,0.0003199228127917169
2507,0.00024315312026892272
2508,0.00026724747286416755
2509,0.00020751914567372049
2510,0.00035031444972939105
2511,0.0004614411692864486
2512,0.00032941912641923664
2513,0.0003490796322376503
2514,4.194110900582998e-05
2515,0.0001378437904055752
2516,0.0002994150079247712
2517,0.00039002367084396336
2518,8.799933706769786e-05
2519,0.000250454913372253
2520,0.00019199320433119113
2521,0.0003196849513344481
2522,0.0003508099328543339
2523,0.00021941855045558487
2524,0.000374800416588807
2525,0.00031121653991646344
2526,0.00035173727005641194
2527,9.521172972635807e-05
2528,0.0003208836723837775
2529,0.0004794345950170037
2530,0.00048604891724827835
2531,0.00021554578717423423
2532,0.00035456788868903926
2533,0.0004010437105681442
2534,0.00020068112360601656
2535,0.00016564734866776772
2536,0.00010802893447336382
2537,7.452066100765687e-05
2538,0.0004090081438228214
2539,0.0003580516851083792
2540,0.00038487768862650456
2541,0.0003968451654152464
2542,0.0003520552252197899
2543,0.00030735869589300417
2544,0.0003960517040198689
2545,9.37181249185265e-05
2546,0.0003980285623865193
2547,0.0005484354757125549
2548,0.00031895143572251736
2549,0.000487926447686888
2550,4.382487657846443e-08
2551,0.0008153477005014667
2552,0.0005484985646478672
2553,0.0006271634935020476
2554,0.0004477722621103949
2555,0.00030878485094507074
2556,0.000417470871710136
2557,0.00040964531701680364
2558,0.00028916577190273593
2559,0.0004612959060020245
2560,0.0005149057998166605
2561,0.000807129569657602
2562,0.0005225748470184162
2563,0.0004910142975361132
2564,0.00047475986413346243
2565,0.00017580920500081106
2566,0.00042510001330236526
2567,0.000558882442141353
2568,1.2848826544153551e-05
2569,3.0344793145015587e-05
2570,0.001084937710783341
2571,6.484860667390312e-05
2572,0.0007817084048436955
2573,3.615870887065186e-05
2574,6.0604681484569627e-05
2575,0.0004967160134735206
2576,0.000569854244256054
2577,0.0004180753364345428
2578,0.0008467082680337095
2579,0.0002631944005421091
2580,0.0004792108872141034
2581,0.0005159550635479285
2582,0.0005765637344842186
2583,0.0005647002648823308
2584,0.0001982075870798836
2585,0.00028434686880479405
2586,0.00016852773191149375
2587,0.00028440843705861244
2588,0.0003755473764711407
2589,0.0003872626381117326
2590,0.0007247100821678881
2591,4.2097548043986976e-05
2592,0.0003687485647742343
2593,0.00036657901247262115
2594,0.0002761287657849965
2595,0.00049884592136762
2596,0.0002111832013569669
2597,0.0004140049246201973
2598,0.0002027411831824303
2599,0.00017153128177646218
2600,1.3880912455227745e-07
2601,0.000521002615905584
2602,0.0011302475219937848
2603,0.0011255724912053772
2604,0.0013693808526470633
2605,0.0010765128285760118
2606,0.0003426575943547616
2607,9.504846263903743e-05
2608,1.6966298490296582e-06
2609,0.0003993702939460211
2610,0.000634579730787105
2611,7.815901307024275e-06
2612,0.0002443615374466949
2613,0.00022836311652497016
2614,0.0002801484103039887
2615,0.00024474331215750504
2616,0.00027211415948618744
2617,0.0001999040764877549
2618,4.282885101054864e-07
2619,0.00020454493267973233
2620,0.0003971430612389544
2621,0.00017317089970069112
2622,0.0003067697671025837
2623,0.0001644272184599538
2624,0.0001391408728718605
2625,0.00015105266087151497
2626,0.000404693953958139
2627,0.0007977338191006852
2628,8.787447743799546e-05
2629,5.828385909611996e-05
2630,0.0001867685786706832
2631,8.533026301902671e-05
2632,9.204530298523234e-05
2633,0.00037348821038069843
2634,5.6149255988711545e-05
2635,0.00027119170060401594
2636,0.0002671908992338171
2637,0.00029629417430785673
2638,0.00030724857636188664
2639,0.00026539316006181276
2640,0.00029431912375131255
2641,0.00048426868910730143
2642,0.0003477591057056654
2643,0.000954686377846636
2644,0.0010070403902976228
2645,0.0010780719650334057
2646,0.001111595808922174
2647,0.001100955683559046
2648,0.0007642406045099681
2649,0.0004450933610467999
2650,0.0009907591238666926
2651,0.0009996633535267272
2652,8.061942035872426e-05
2653,9.05687578606885e-05
2654,0.00018669415016446078
2655,0.00011074761338024463
2656,0.00013883457133723705
2657,0.00027332460997291747
2658,0.00016963123271500092
2659,0.00025175106074363986
2660,0.0002023935862751799
2661,0.00013673374283251785
2662,0.00011177633914260101
2663,0.00015560750954960175
2664,0.0005471153259413937
2665,0.00039740039886252044
2666,0.0005034220315532711
2667,0.00028874446187938837
2668,0.0002878589915428502
2669,0.00021751885238100195
2670,0.00021282123006891946
2671,0.0003510853290730739
2672,0.0008525810826920209
2673,0.0008521867683217367
2674,0.0008340954304446183
2675,0.0008816004661231021
2676,0.00034191938181183057
2677,0.00036160823978702435
2678,0.00019579941747183423
2679,0.0002992231173671508
2680,0.0003022598867620827
2681,0.0002993145874176934
2682,0.0002702271434380473
2683,6.60884546857671e-05
2684,0.00026406795543858187
2685,0.0001712081706292486
2686,0.00018545183399631203
2687,0.00010439857844699611
2688,0.00024238685659811043
2689,0.00036644213942123874
2690,0.00014421346816123804
2691,0.0004034742000784745
2692,0.0005301543639515236
2693,0.00024057114405791498
2694,0.00020823504168251746
2695,0.0004260354242951961
2696,0.00044199250278703915
2697,0.00038763107664442485
2698,0.00031958180612133173
2699,0.0004552994594410352
2700,0.00046857785284378775
2701,0.00035757857862769247
2702,0.0003506090039580834
2703,0.00036058447143120435
2704,0.00033547755141548016
2705,0.0003384588927377704
2706,0.0003962794421976308
2707,0.0003806044823501288
2708,0.00017309464912044245
2709,0.0005111244040410519
2710,0.0003704738830614736
2711,0.00011959261766810028
2712,0.0002214328703248839
2713,0.0008060322129386671
2714,0.0009721480431529849
2715,0.0008893165653370405
2716,0.000747966146311665
2717,0.00039676739447910196
2718,0.00045191524350608243
2719,0.00016686880261842845
2720,0.00028247402334122485
2721,0.0003173549944711949
2722,0.0003691425560030432
2723,0.00033218876516184277
2724,0.00039609971053363683
2725,0.00031008787555950984
2726,0.0003149954543704106
2727,0.0003493569790283364
2728,0.0002733328573181561
2729,0.0003359989107811439
2730,0.0002551189167682883
2731,0.0003916719902418209
2732,0.00031842067546899625
2733,0.00030704991173203123
2734,0.00024769408639227876
2735,0.00031481315225332783
2736,0.0003275860194427775
2737,0.00030894278426085237
2738,0.0003423319648173739
2739,0.00017968194135265387
2740,0.0003164750156182052
2741,0.00038210619748997197
2742,0.00031323238489420574
2743,0.00029189477747697663
2744,0.00028675080905249606
2745,0.0004103488833589856
2746,0.0001826704778591581
2747,0.00028962960809604337
2748,0.00044373211220123454
2749,0.0002502829748634682
2750,0.00015734094828852654
2751,0.00011181831746966517
2752,3.212464463457996e-05
2753,0.00015938088714908944
2754,2.511136067803776e-05
2755,0.0004572858875328871
2756,0.000289997632278296
2757,0.0002634279292871804
2758,0.0005233128361072561
2759,0.0004769353747480192
2760,0.00025496316577665166
2761,0.0002866784981048258
2762,0.0003200675586665261
2763,0.00024313781846648668
2764,0.0002254169075192958
2765,5.770426638003122e-05
2766,0.00020233910143790308
2767,0.00039796491195577516
2768,0.0004506949445041459
2769,0.00048584130752072735
2770,0.0004575556182988681
2771,0.0005010994647823181
2772,0.0005942760198871743
2773,0.00030239749249256283
2774,0.0003126336444977381
2775,0.0006109461617729157
2776,0.000320631728060586
2777,0.0005376892552865569
2778,0.0008199567564198296
2779,0.00042479756590681726
2780,0.0004398036565648929
2781,0.000630401729833868
2782,0.0004917570080022103
2783,0.0004569932781274745
2784,0.0005763374856797192
2785,0.0005766099827031104
2786,0.0004573389623615371
2787,0.00032610742585613466
2788,0.0006194354436321261
2789,0.0005291274259193647
2790,0.0007217523000499938
2791,0.0003024780200980191
2792,0.000855503148515584
2793,0.00021875658439724782
2794,0.0005795070387694173
2795,0.0005792086955470882
2796,0.00023120813661278264
2797,2.1727386553434775e-06
2798,0.0002883503240027452
2799,0.00046434970848231987
2800,0.0004447031137444249
2801,0.00048328817646163747
2802,0.0001961463582618359
2803,0.0002255485680609108
2804,3.3002538608409046e-05
2805,0.0004199265308340323
2806,0.000669670962258258
2807,0.0006173803696640514
2808,0.00023379187101179046
2809,0.00028348270141308305
2810,0.00035277101824214633
2811,0.0003137859887722436
2812,0.0004729460024827122
2813,0.0002887960538542373
2814,0.00036483127442833556
2815,7.541575681243792e-05
2816,3.7966146740182256e-05
2817,0.00017371734079170897
2818,0.0002629469519692846
2819,0.001063950912762779
2820,0.0003244231773153712
2821,0.0005451200776987333
2822,4.3630340258931925e-05
2823,3.952389617081425e-05
2824,0.00020881938182846656
2825,0.00020795153322012417
2826,0.00027556234667576766
2827,0.0003195618533351379
2828,0.0001919301001488174
2829,0.0003338163081858586
2830,0.00023770279208241526
2831,0.00044258886588601377
2832,0.00014666627072943106
2833,0.0002067003153357259
2834,0.000245550287312616
2835,0.0003159889614534057
2836,0.0003329715226896119
2837,0.00020124759754371605
2838,0.000174067052740978
2839,0.00019389487174617827
2840,0.000354243837774573
2841,0.00033121377350776637
2842,0.00015556089619003232
2843,0.0003987551972458507
2844,0.00027199251575402297
2845,0.0004849432930201177
2846,0.00029499857411401824
2847,0.0003193939221188149
2848,0.0002366192589165298
2849,0.0003632452774422431
2850,0.000253773831247243
2851,3.1194291421213204e-05
2852,0.00022879876067470123
2853,0.000230305427124276
2854,0.000733190534534408
2855,0.00034725855826060737
2856,0.00037428346066681236
2857,0.0003889810173529195
2858,0.0003513976578338021
2859,0.00037128238409192733
2860,0.000518517669908873
2861,9.464389479593331e-05
2862,0.0004727299433969893
2863,0.0005089146067950137
2864,0.00023546764506295913
2865,0.0008143838761131818
2866,0.0009369967367743209
2867,0.000516470969068934
2868,0.000434297475928927
2869,0.00036906327824671624
2870,9.560296330483101e-05
2871,0.0004909474301798263
2872,0.0004408904196292958
2873,0.00023912484973324772
2874,0.00025107653637791797
2875,0.0005394596307247739
2876,0.0004978496143761704
2877,0.0006904731880173826
2878,0.0003345467267783995
2879,0.0002884795112310892
2880,0.0005665454234145123
2881,3.057568515676831e-05
2882,0.00019129472958149022
2883,0.0003971804928238142
2884,0.00019808449231916662
2885,0.00013907819421466722
2886,0.00010092284582085806
2887,0.00047722301904149183
2888,0.0004943847520174308
2889,0.00048684566993718615
2890,0.0005156972143858876
2891,0.0003482464074892651
2892,0.0002484221653026864
2893,0.0004335585979381023
2894,0.0004882469211594164
2895,0.0005435863170963304
2896,0.0007288008841130866
2897,1.9535579125247915e-05
2898,0.00036917818363987
2899,0.00033220933473935
2900,0.00024247542698088825
2901,2.170689964067176e-08
2902,0.00039049402885035707
2903,0.0001394194310725904
2904,0.0002027419111190548
2905,3.4579421520998436e-06
2906,0.00046320109562898135
2907,0.0009678773798040775
2908,0.00029506207338755885
2909,0.0002026382939033803
2910,0.0013831892226744734
2911,0.0011332200245796641
2912,0.000160400092278569
2913,0.0011233163792927297
2914,0.001372225097333879
2915,0.0013007173715503504
2916,0.0010735935521248652
2917,4.2534078320134364e-05
2918,0.000337543019864906
2919,0.00030406181416021727
